Customer_ID,Name,Age,Location,Gender,Purchase_Amount,Purchase_Date,Category,Month
1001,Aarav,25.0,Bhopal,M,1200,2026-01-05,Electronics,2026-01
1002,Priya,31.0,Indore,F,850,2026-01-07,Clothing,2026-01
1003,Rahul,28.0,Bhopal,M,2100,2026-01-10,Electronics,2026-01
1004,Sneha,30.5,Jabalpur,F,1500,2026-01-12,Home,2026-01
1005,Vikas,42.0,Indore,M,950,2026-01-15,Clothing,2026-01
1006,Neha,26.0,Bhopal,F,1800,2026-01-18,Home,2026-01
1007,Aman,35.0,Sagar,M,500,2026-01-18,Grocery,2026-01
1008,Riya,29.0,Indore,F,3200,2026-01-20,Electronics,2026-01
1009,Karan,41.0,Sagar,M,1100,2026-01-22,Grocery,2026-01
1010,Pooja,33.0,Jabalpur,F,2400,2026-01-25,Home,2026-01
1011,Mohit,27.0,Bhopal,M,780,2026-01-27,Clothing,2026-01
1012,Anjali,39.0,Indore,F,1650,2026-02-01,Electronics,2026-02
1013,Dev,30.0,Sagar,M,4000,2026-02-03,Electronics,2026-02
1014,Isha,24.0,Jabalpur,F,1250,2026-02-05,Grocery,2026-02
1015,Nikhil,36.0,Bhopal,M,1900,2026-02-08,Home,2026-02
1016,Kavya,32.0,Indore,F,2750,2026-02-10,Electronics,2026-02
1017,Rohit,45.0,Sagar,M,900,2026-02-12,Grocery,2026-02
1018,Meera,29.0,Jabalpur,F,1450,2026-02-15,Clothing,2026-02
1019,Yash,34.0,Bhopal,M,2300,2026-02-18,Home,2026-02
1020,Simran,27.0,Indore,F,3500,2026-02-20,Electronics,2026-02
