Customer_ID,Name,Age,Location,Gender,Purchase_Amount,Purchase_Date,Category
1001,Aarav,25,Bhopal,M,1200,2026-01-05,Electronics
1002,Priya,31,Indore,F,850,2026-01-07,Clothing
1003,Rahul,28,Bhopal,M,2100,2026-01-10,Electronics
1004,Sneha,,Jabalpur,F,1500,2026-01-12,Home
1005,Vikas,42,indore,M,950,2026-01-15,Clothing
1006,Neha,26,BHOPAL,Female,1800,2026-01-18,Home
1007,Aman,35,Sagar,M,500,18/01/2026,Grocery
1008,Riya,29,Indore,F,3200,2026-01-20,Electronics
1009,Karan,41,Sagar,M,1100,2026-01-22,Grocery
1010,Pooja,33,Jabalpur,F,2400,2026-01-25,Home
1011,Mohit,27,Bhopal,M,780,2026-01-27,Clothing
1012,Anjali,39,Indore,F,1650,2026-02-01,Electronics
1013,Dev,30,Sagar,M,4000,2026-02-03,Electronics
1014,Isha,24,Jabalpur,F,1250,2026-02-05,Grocery
1015,Nikhil,36,Bhopal,M,1900,2026-02-08,Home
1016,Kavya,32,Indore,F,2750,2026-02-10,Electronics
1017,Rohit,45,Sagar,Male,900,2026-02-12,Grocery
1018,Meera,29,Jabalpur,F,1450,2026-02-15,Clothing
1019,Yash,34,Bhopal,M,2300,2026-02-18,Home
1020,Simran,27,Indore,F,3500,2026-02-20,Electronics
1020,Simran,27,Indore,F,3500,2026-02-20,Electronics
